{
  "evaluation_date": "2025-06-19T21:37:57.479123",
  "preprocessing_method": "lemmatization",
  "tfidf_config": "optimized",
  "sklearn_version": "1.3.2",
  "models_compared": [
    {
      "model_name": "knn_cosine",
      "avg_similarity": 0.6645591651163651,
      "std_similarity": 0.29499042053921837,
      "combined_score": 0.3695687445771468
    },
    {
      "model_name": "knn_euclidean",
      "avg_similarity": 0.4573127380304324,
      "std_similarity": 0.40278722271258105,
      "combined_score": 0.054525515317851325
    },
    {
      "model_name": "svd_knn",
      "avg_similarity": 0.8924741035765932,
      "std_similarity": 0.12024408278404025,
      "combined_score": 0.772230020792553
    },
    {
      "model_name": "knn_cosine_k20",
      "avg_similarity": 0.5754495203978589,
      "std_similarity": 0.28420577109483314,
      "combined_score": 0.29124374930302577
    }
  ],
  "best_model": {
    "name": "svd_knn",
    "score": 0.772230020792553,
    "avg_similarity": 0.8924741035765932,
    "std_similarity": 0.12024408278404025
  },
  "available_models": [
    "knn_cosine",
    "knn_euclidean",
    "svd_knn",
    "knn_cosine_k20"
  ],
  "successfully_saved": [
    "knn_cosine",
    "knn_euclidean",
    "svd_knn",
    "knn_cosine_k20"
  ],
  "dataset_info": {
    "total_songs_with_lyrics": 84706,
    "training_size": 67764,
    "validation_size": 16942,
    "vocabulary_size": 8000
  }
}